{
  "config": {
    "num_timesteps": 5000000,
    "num_envs": 256,
    "learning_rate": 0.0003
  },
  "training_data": {
    "steps": [
      0,
      204800,
      409600,
      614400,
      819200,
      1024000,
      1228800,
      1433600,
      1638400,
      1843200,
      2048000,
      2252800,
      2457600,
      2662400,
      2867200,
      3072000,
      3276800,
      3481600,
      3686400,
      3891200,
      4096000,
      4300800,
      4505600,
      4710400,
      4915200,
      5120000,
      5324800,
      5529600,
      5734400,
      5939200,
      6144000,
      6348800,
      6553600,
      6758400,
      6963200,
      7168000,
      7372800,
      7577600,
      7782400,
      7987200,
      8192000,
      8396800,
      8601600,
      8806400,
      9011200,
      9216000,
      9420800,
      9625600,
      9830400,
      10035200,
      10240000,
      10444800,
      10649600,
      10854400,
      11059200,
      11264000,
      11468800,
      11673600,
      11878400,
      12083200,
      12288000,
      12492800,
      12697600,
      12902400,
      13107200,
      13312000,
      13516800,
      13721600,
      13926400,
      14131200,
      14336000,
      14540800,
      14745600,
      14950400,
      15155200,
      15360000,
      15564800,
      15769600,
      15974400,
      16179200,
      16384000,
      16588800,
      16793600,
      16998400,
      17203200,
      17408000,
      17612800,
      17817600,
      18022400,
      18227200,
      18432000,
      18636800,
      18841600,
      19046400,
      19251200,
      19456000,
      19660800,
      19865600,
      20070400,
      20275200
    ],
    "rewards": [
      135.92425537109375,
      2876.3037109375,
      1713.90380859375,
      1602.970458984375,
      67.18279266357422,
      1223.31591796875,
      1065.5313720703125,
      663.9881591796875,
      1093.64697265625,
      2496.6171875,
      0.00026114837964996696,
      1198.3311767578125,
      1057.69580078125,
      1151.4520263671875,
      1665.4775390625,
      2293.509033203125,
      2313.832275390625,
      1452.991943359375,
      1129.5703125,
      1690.46044921875,
      3223.1279296875,
      937.406982421875,
      1873.259765625,
      1342.0604248046875,
      1213.9481201171875,
      829.6004638671875,
      1406.1019287109375,
      2338.84228515625,
      2327.8740234375,
      851.4737548828125,
      665.5610961914062,
      1412.356201171875,
      1876.3751220703125,
      2293.525146484375,
      1629.521240234375,
      1137.3736572265625,
      1285.7998046875,
      1637.3656005859375,
      687.4300537109375,
      1892.00341796875,
      1870.1265869140625,
      2710.68359375,
      1121.7491455078125,
      1017.0831298828125,
      1212.3697509765625,
      299.9613952636719,
      1420.17236328125,
      1467.05615234375,
      1304.551513671875,
      1437.3447265625,
      3969.934326171875,
      882.72216796875,
      384.3302917480469,
      2295.095703125,
      2151.352294921875,
      859.2821044921875,
      706.1835327148438,
      1774.8236083984375,
      2026.3677978515625,
      1862.3233642578125,
      564.0043334960938,
      834.281005859375,
      2429.42431640625,
      879.5946655273438,
      353.0843811035156,
      492.1416015625,
      521.8212280273438,
      432.768798828125,
      1674.822998046875,
      2434.086181640625,
      1009.2667846679688,
      690.552490234375,
      1595.126953125,
      342.1513366699219,
      2262.243408203125,
      1309.230224609375,
      2112.2734375,
      784.2935180664062,
      987.3895263671875,
      863.9688110351562,
      613.9915771484375,
      1012.3895874023438,
      1017.0673217773438,
      762.4032592773438,
      2335.68701171875,
      1404.5357666015625,
      2127.8984375,
      3307.442138671875,
      1409.2279052734375,
      414.0213928222656,
      821.78662109375,
      2284.12158203125,
      190.60516357421875,
      771.7841186523438,
      1431.092529296875,
      2504.40380859375,
      1866.990234375,
      499.9507751464844,
      1615.43798828125,
      468.70562744140625
    ],
    "reward_stds": [
      1531.7864990234375,
      13988.8994140625,
      9881.8955078125,
      12404.09765625,
      757.1089477539062,
      7973.369140625,
      8826.1982421875,
      7482.763671875,
      9330.7626953125,
      13324.2236328125,
      0.0007774217519909143,
      8460.7001953125,
      6423.98681640625,
      9552.87890625,
      10419.5,
      11198.5927734375,
      12153.255859375,
      10736.0849609375,
      8429.205078125,
      11972.8828125,
      15667.228515625,
      8122.865234375,
      12360.6943359375,
      9561.0869140625,
      9328.0703125,
      6152.70703125,
      8868.92578125,
      13219.7412109375,
      11909.78125,
      5656.98193359375,
      7342.49462890625,
      8603.8798828125,
      11184.958984375,
      13613.091796875,
      11057.021484375,
      7300.8662109375,
      10176.380859375,
      10221.3798828125,
      6130.91845703125,
      12596.6318359375,
      10901.505859375,
      13746.6748046875,
      7268.947265625,
      6987.17822265625,
      6796.7578125,
      3380.390380859375,
      8633.0947265625,
      11669.3203125,
      10557.953125,
      10195.06640625,
      18072.462890625,
      4913.5341796875,
      4331.1787109375,
      12842.345703125,
      13363.8662109375,
      5717.84375,
      6441.66162109375,
      10199.9951171875,
      12144.294921875,
      12549.619140625,
      6356.0009765625,
      4183.5078125,
      11905.279296875,
      6369.88623046875,
      3029.44482421875,
      4417.23291015625,
      4467.6328125,
      4085.7431640625,
      11794.150390625,
      10637.8369140625,
      5680.9912109375,
      4375.02685546875,
      8539.1279296875,
      3308.30078125,
      11392.95703125,
      6588.92529296875,
      12350.328125,
      6601.9169921875,
      6616.4951171875,
      6686.26416015625,
      3158.557861328125,
      5792.9384765625,
      7342.38232421875,
      5427.41796875,
      12834.185546875,
      8288.3349609375,
      12050.390625,
      15407.3779296875,
      6806.16259765625,
      2948.250244140625,
      5308.04248046875,
      12838.11328125,
      2148.00634765625,
      5365.91650390625,
      9024.8779296875,
      12151.6513671875,
      9501.28125,
      5616.43798828125,
      10262.142578125,
      3315.875244140625
    ],