{
  "config": {
    "num_timesteps": 500000,
    "num_envs": 512,
    "learning_rate": 0.0005
  },
  "training_data": {
    "steps": [
      0,
      819200,
      1638400,
      2457600,
      3276800,
      4096000,
      4915200,
      5734400,
      6553600,
      7372800,
      8192000,
      9011200,
      9830400,
      10649600,
      11468800,
      12288000,
      13107200,
      13926400,
      14745600,
      15564800
    ],
    "rewards": [
      1482.6756591796875,
      2357.591064453125,
      1098.332763671875,
      1085.8310546875,
      2391.952392578125,
      159.3613739013672,
      199.98329162597656,
      307.7826843261719,
      1462.353515625,
      1360.8128662109375,
      0.0004542750248219818,
      0.00021584579371847212,
      963.9677734375,
      673.3703002929688,
      1874.8148193359375,
      1854.503173828125,
      965.5262451171875,
      895.224853515625,
      1488.929931640625,
      893.6580810546875
    ],
    "goal_reached_rewards": [
      74140.625,
      117890.625,
      54921.875,
      54296.875,
      119609.375,
      7968.75,
      10000.0,
      15390.625,
      73125.0,
      68046.875,
      0.0,
      0.0,
      48203.125,
      33671.875,
      93750.0,
      92734.375,
      48281.25,
      44765.625,
      74453.125,
      44687.5
    ],
    "success_rates": [
      95.0,
      95.0,
      95.0,
      95.0,
      95.0,
      31.875,
      40.0,
      50.78125,
      95.0,
      95.0,
      0,
      0,
      95.0,
      83.671875,
      95.0,
      95.0,
      95.0,
      95.0,
      95.0,
      95.0
    ]
  },
  "current_step": 15564800,
  "current_success_rate": 95.0,
  "best_success_rate": 95.0,
  "elapsed_time": "0:05:42.846829"
}