{
  "steps": [
    0
  ],
  "rewards": [
    117.17656707763672
  ],
  "latest_step": 0,
  "latest_reward": 117.17656707763672,
  "elapsed_time": "0:01:18.204569"
}