{
  "config": {
    "num_timesteps": 300000,
    "num_envs": 512,
    "learning_rate": 0.0005
  },
  "training_data": {
    "steps": [
      0,
      819200,
      1638400,
      2457600,
      3276800,
      4096000,
      4915200,
      5734400,
      6553600,
      7372800,
      8192000,
      9011200,
      9830400,
      10649600,
      11468800
    ],
    "rewards": [
      1346.745849609375,
      1573.278076171875,
      1168.63037109375,
      1006.1519775390625,
      2010.7476806640625,
      115.61456298828125,
      149.98385620117188,
      298.4073181152344,
      1609.222412109375,
      1231.1363525390625,
      0.00033307611010968685,
      28.121206283569336,
      706.1815185546875,
      670.251708984375,
      2295.082275390625
    ],
    "success_rates": [
      100.0,
      100.0,
      100.0,
      100.0,
      100.0,
      100.0,
      100.0,
      100.0,
      100.0,
      100.0,
      0.0,
      72.70833333333333,
      100.0,
      100.0,
      100.0
    ],
    "goal_reached_rewards": [
      67343.75,
      78671.875,
      58437.5,
      50312.5,
      100546.875,
      5781.25,
      7500.0,
      14921.875,
      80468.75,
      61562.5,
      0.0,
      1406.25,
      35312.5,
      33515.625,
      114765.625
    ]
  },
  "current_step": 11468800,
  "current_success_rate": 100.0,
  "best_success_rate": 100.0,
  "elapsed_time": "0:03:42.912777",
  "note": "Success rate is estimated from goal_reached rewards as binary success"
}