{
  "config": {
    "num_timesteps": 500000,
    "num_envs": 512,
    "learning_rate": 0.0005
  },
  "training_data": {
    "steps": [
      0,
      819200,
      1638400,
      2457600,
      3276800,
      4096000,
      4915200,
      5734400,
      6553600,
      7372800,
      8192000
    ],
    "rewards": [
      1549.854248046875,
      2415.3818359375,
      1001.4663696289062,
      1037.399658203125,
      1829.5191650390625,
      154.6751251220703,
      0.0004608789458870888,
      242.1629638671875,
      1282.6842041015625,
      1106.150634765625,
      0.0002900904801208526
    ],
    "goal_reached_rewards": [
      77500.0,
      120781.25,
      50078.125,
      51875.0,
      91484.375,
      7734.375,
      0.0,
      12109.375,
      64140.625,
      55312.5,
      0.0
    ],
    "success_rates": [
      95.0,
      95.0,
      95.0,
      95.0,
      95.0,
      30.9375,
      0,
      44.21875,
      95.0,
      95.0,
      0
    ]
  },
  "current_step": 8192000,
  "current_success_rate": 0,
  "best_success_rate": 95.0,
  "elapsed_time": "0:04:32.089896"
}