{
  "steps": [
    0
  ],
  "rewards": [
    118.73939514160156
  ],
  "latest_step": 0,
  "latest_reward": 118.73939514160156,
  "elapsed_time": "0:01:19.011384"
}