{
  "config": {
    "num_timesteps": 500000,
    "num_envs": 512,
    "learning_rate": 0.0005
  },
  "training_data": {
    "steps": [
      0,
      819200,
      1638400,
      2457600,
      3276800,
      4096000,
      4915200,
      5734400,
      6553600,
      7372800,
      8192000,
      9011200,
      9830400,
      10649600,
      11468800,
      12288000,
      13107200,
      13926400,
      14745600,
      15564800
    ],
    "rewards": [
      1651.4088134765625,
      1842.0062255859375,
      926.4776611328125,
      951.4794311523438,
      1962.322021484375,
      110.92691802978516,
      0.00045906490413472056,
      512.451416015625,
      1371.753173828125,
      1220.2017822265625,
      0.00037976755993440747,
      0.00021431439381558448,
      774.922607421875,
      678.0616455078125,
      2173.235107421875,
      1559.2301025390625,
      670.2488403320312,
      781.1790161132812,
      1329.5596923828125,
      359.3321533203125
    ],
    "goal_reached_rewards": [
      82578.125,
      92109.375,
      46328.125,
      47578.125,
      98125.0,
      5546.875,
      0.0,
      25625.0,
      68593.75,
      61015.625,
      0.0,
      0.0,
      38750.0,
      33906.25,
      108671.875,
      77968.75,
      33515.625,
      39062.5,
      66484.375,
      17968.75
    ],
    "success_rates": [
      95.0,
      95.0,
      95.0,
      95.0,
      95.0,
      22.1875,
      0,
      71.25,
      95.0,
      95.0,
      0,
      0,
      88.75,
      83.90625,
      95.0,
      95.0,
      83.515625,
      89.0625,
      95.0,
      55.9375
    ]
  },
  "current_step": 15564800,
  "current_success_rate": 55.9375,
  "best_success_rate": 95.0,
  "elapsed_time": "0:04:14.017393"
}