{
  "config": {
    "num_timesteps": 30000,
    "num_envs": 512,
    "learning_rate": 0.0005
  },
  "training_data": {
    "steps": [
      0,
      819200,
      1638400
    ],
    "rewards": [
      1595.162841796875,
      1642.0330810546875,
      838.9786376953125
    ],
    "success_rates": [
      100.0,
      100.0,
      100.0
    ],
    "goal_reached_rewards": [
      79765.625,
      82109.375,
      41953.125
    ]
  },
  "current_step": 1638400,
  "current_success_rate": 100.0,
  "best_success_rate": 100.0,
  "elapsed_time": "0:02:12.807348",
  "note": "Success rate is estimated from goal_reached rewards as binary success"
}