{
  "steps": [
    0
  ],
  "rewards": [
    137.4862060546875
  ],
  "latest_step": 0,
  "latest_reward": 137.4862060546875,
  "elapsed_time": "0:01:29.390357"
}