{
  "best_reward": 30.59856605529785,
  "best_step": 200540160,
  "saved_at": "2025-06-30T22:51:01.211051"
}